"count","init (ms)","oper (ms)","verify (ms)","theta 0 (rad)","theta 0 (deg)","theta 0 (rad)","theta 0 (deg)"
10,0.012829,0.5256 ms,0.000165,1.41678,81.1754,1.41678,81.1754
100,0.007346,0.001844 ms,0.000126,1.62181,92.923,1.62181,92.923
1000,0.048996,0.017671 ms,0.000777,1.53746,88.0899,1.53746,88.0899
10000,0.472209,0.160039 ms,0.007424,1.57609,90.3032,1.57609,90.3032
100000,4.80601,2.15906 ms,0.07771,1.57447,90.2103,1.57447,90.2103
1000000,49.1426,17.5059 ms,0.890444,1.5704,89.9774,1.5704,89.9774
10000000,492.47,183.69 ms,9.22779,1.57043,89.9791,1.57043,89.9791
100000000,6164.01,1733.53 ms,83.264,1.57068,89.9932,1.57068,89.9932