"count","init (ms)","oper (ms)","verify (ms)","theta 0 (rad)","theta 0 (deg)","theta 0 (rad)","theta 0 (deg)"
10,0.015,0.0079,0.0006,1.41678,81.1754,1.41678,81.1754
100,0.0112,0.0032,0.0023,1.62181,92.923,1.62181,92.923
1000,0.0694,0.0361,0.023,1.53746,88.0899,1.53746,88.0899
10000,0.7665,0.4217,0.2364,1.57609,90.3032,1.57609,90.3032
100000,7.7336,2.2335,2.159,1.57447,90.2103,1.57447,90.2103
1000000,64.1741,19.782,21.4748,1.5704,89.9774,1.5704,89.9774
10000000,634.953,223.804,212.419,1.57043,89.9791,1.57043,89.9791
100000000,6414.86,1978.37,2128.2,1.57068,89.9932,1.57068,89.9932