"count","init (ms)","oper (ms)","verify (ms)","theta 0 (rad)","theta 0 (deg)","theta 0 (rad)","theta 0 (deg)"
 10,0.009358,0.002664,7.3e-05,1.41678,81.1754,1.41678,81.1754
 100,0.004849,0.001681,0.000359,1.62181,92.923,1.62181,92.923
 1000,0.049601,0.014978,0.003333,1.53746,88.0899,1.53746,88.0899
 10000,0.476295,0.156297,0.033419,1.57609,90.3032,1.57609,90.3032
 100000,5.04048,1.8251,0.349946,1.57447,90.2103,1.57447,90.2103
 1000000,46.9687,15.7116,3.22254,1.5704,89.9774,1.5704,89.9774
 10000000,483.287,158.369,32.6373,1.57043,89.9791,1.57043,89.9791
 100000000,4622.03,1560.01,332.647,1.57068,89.9932,1.57068,89.9932