"count","init (ms)","oper (ms)","copy (ms)","verify (ms)","theta 0 (rad)","theta 0 (deg)","theta 1 (rad)","theta 1 (deg)"
10,0.471829,1.86873,0.073044,0.000373,1.96077,112.344,1.96077,112.344
100,0.468185,0.906785,0.083622,0.000318,1.66802,95.5704,1.66802,95.5704
1000,0.504937,1.44601,0.074145,0.000974,1.53251,87.8066,1.53251,87.8066
10000,0.497489,2.15504,0.118232,0.009012,1.58213,90.6493,1.58213,90.6493
100000,0.44287,6.86424,0.444016,0.079216,1.57603,90.2999,1.57603,90.2999
1000000,1.06002,12.639,5.32721,0.826213,1.57088,90.0045,1.57088,90.0045
10000000,2.30789,44.5986,43.8256,7.89501,1.571,90.0118,1.571,90.0118
100000000,15.3826,389.551,433.168,78.2141,1.57066,89.9922,1.57066,89.9922
