count,init (ms),oper (ms),copy (ms),verify (ms),theta 0 (rad),theta 0 (deg),theta 1 (rad),theta 1 (deg)
10,0.3518,1.4926,0.0981,0.0005,0.984607,56.4138,0.984607,56.4138
100,0.307,1.8124,0.0655,0.0014,1.75882,100.773,1.75882,100.773
1000,0.2639,2.0606,0.0728,0.0087,1.57642,90.3221,1.57642,90.3221
10000,0.2432,2.3521,0.222,0.0843,1.56908,89.9019,1.56908,89.9019
100000,0.2393,5.468,1.7322,0.8128,1.57146,90.0377,1.57146,90.0377
1000000,0.386,9.7007,4.3035,8.2129,1.57042,89.9787,1.57042,89.9787
10000000,0.8035,50.2299,37.7761,79.8384,1.57053,89.9845,1.57053,89.9845
100000000,8.6949,433.318,387.588,808.314,1.57082,90.0016,1.57082,90.0016
